dataType	value
edaMeanfreq 0.01566829003
emgZygoMeanfreq	0.0001161652437
emgCorrMeanfreq	0.009616748043
