dataType	value
edaMeanfreq	2.173308899
emgZygoMeanfreq	0.00004916399687
emgCorrMeanfreq	0.0003411647262
