dataType	value
edaMeanfreq	0.04338594104
emgZygoMeanfreq	0.000002657307475
emgCorrMeanfreq	0.002585737799
