dataType	value
edaMeanfreq	0.07675570138
emgZygoMeanfreq	0.000007308942017
emgCorrMeanfreq	0.001291218106
