dataType	value
edaMeanfreq 0.00020418136
emgZygoMeanfreq	0.00003469301007
emgCorrMeanfreq	0.0005096022367
