dataType	value
edaMeanfreq	0.0270979178
emgZygoMeanfreq	0.00001069774266
emgCorrMeanfreq	0.008958091855
