dataType	value
edaMeanfreq	0.02509132755
emgZygoMeanfreq	0.01684451518
emgCorrMeanfreq	0.0005874611467
