dataType	value
edaMeanfreq 0.03256104148
emgZygoMeanfreq	0.00003989646166
emgCorrMeanfreq	0.0004508533433
