dataType	value
edaMeanfreq	0.03546191187
emgZygoMeanfreq	0.00000128779734
emgCorrMeanfreq	0.0007955147984
