dataType	value
edaMeanfreq 0.0002505657902
emgZygoMeanfreq	0.00009383259184
emgCorrMeanfreq	0.001559987004
