dataType	value
edaMeanfreq	0.9507148592
emgZygoMeanfreq	0.0005641098234
emgCorrMeanfreq	0.008227404195
