dataType	value
edaMeanfreq	0.1221722384
emgZygoMeanfreq	0.0004842580852
emgCorrMeanfreq	0.001226607396
