dataType	value
edaMeanfreq	0.1087766713
emgZygoMeanfreq	0.00004391846697
emgCorrMeanfreq	0.0009411266628
